--
-- PostgreSQL database dump
--

-- Dumped from database version 14.12 (Ubuntu 14.12-0ubuntu0.22.04.1)
-- Dumped by pg_dump version 14.12 (Ubuntu 14.12-0ubuntu0.22.04.1)

SET statement_timeout = 0;
SET lock_timeout = 0;
SET idle_in_transaction_session_timeout = 0;
SET client_encoding = 'UTF8';
SET standard_conforming_strings = on;
SELECT pg_catalog.set_config('search_path', '', false);
SET check_function_bodies = false;
SET xmloption = content;
SET client_min_messages = warning;
SET row_security = off;

SET default_tablespace = '';

SET default_table_access_method = heap;

--
-- Name: auth_group; Type: TABLE; Schema: public; Owner: postgres
--

CREATE TABLE public.auth_group (
    id integer NOT NULL,
    name character varying(150) NOT NULL
);


ALTER TABLE public.auth_group OWNER TO postgres;

--
-- Name: auth_group_id_seq; Type: SEQUENCE; Schema: public; Owner: postgres
--

ALTER TABLE public.auth_group ALTER COLUMN id ADD GENERATED BY DEFAULT AS IDENTITY (
    SEQUENCE NAME public.auth_group_id_seq
    START WITH 1
    INCREMENT BY 1
    NO MINVALUE
    NO MAXVALUE
    CACHE 1
);


--
-- Name: auth_group_permissions; Type: TABLE; Schema: public; Owner: postgres
--

CREATE TABLE public.auth_group_permissions (
    id bigint NOT NULL,
    group_id integer NOT NULL,
    permission_id integer NOT NULL
);


ALTER TABLE public.auth_group_permissions OWNER TO postgres;

--
-- Name: auth_group_permissions_id_seq; Type: SEQUENCE; Schema: public; Owner: postgres
--

ALTER TABLE public.auth_group_permissions ALTER COLUMN id ADD GENERATED BY DEFAULT AS IDENTITY (
    SEQUENCE NAME public.auth_group_permissions_id_seq
    START WITH 1
    INCREMENT BY 1
    NO MINVALUE
    NO MAXVALUE
    CACHE 1
);


--
-- Name: auth_permission; Type: TABLE; Schema: public; Owner: postgres
--

CREATE TABLE public.auth_permission (
    id integer NOT NULL,
    name character varying(255) NOT NULL,
    content_type_id integer NOT NULL,
    codename character varying(100) NOT NULL
);


ALTER TABLE public.auth_permission OWNER TO postgres;

--
-- Name: auth_permission_id_seq; Type: SEQUENCE; Schema: public; Owner: postgres
--

ALTER TABLE public.auth_permission ALTER COLUMN id ADD GENERATED BY DEFAULT AS IDENTITY (
    SEQUENCE NAME public.auth_permission_id_seq
    START WITH 1
    INCREMENT BY 1
    NO MINVALUE
    NO MAXVALUE
    CACHE 1
);


--
-- Name: auth_user; Type: TABLE; Schema: public; Owner: postgres
--

CREATE TABLE public.auth_user (
    id integer NOT NULL,
    password character varying(128) NOT NULL,
    last_login timestamp with time zone,
    is_superuser boolean NOT NULL,
    username character varying(150) NOT NULL,
    first_name character varying(150) NOT NULL,
    last_name character varying(150) NOT NULL,
    email character varying(254) NOT NULL,
    is_staff boolean NOT NULL,
    is_active boolean NOT NULL,
    date_joined timestamp with time zone NOT NULL
);


ALTER TABLE public.auth_user OWNER TO postgres;

--
-- Name: auth_user_groups; Type: TABLE; Schema: public; Owner: postgres
--

CREATE TABLE public.auth_user_groups (
    id bigint NOT NULL,
    user_id integer NOT NULL,
    group_id integer NOT NULL
);


ALTER TABLE public.auth_user_groups OWNER TO postgres;

--
-- Name: auth_user_groups_id_seq; Type: SEQUENCE; Schema: public; Owner: postgres
--

ALTER TABLE public.auth_user_groups ALTER COLUMN id ADD GENERATED BY DEFAULT AS IDENTITY (
    SEQUENCE NAME public.auth_user_groups_id_seq
    START WITH 1
    INCREMENT BY 1
    NO MINVALUE
    NO MAXVALUE
    CACHE 1
);


--
-- Name: auth_user_id_seq; Type: SEQUENCE; Schema: public; Owner: postgres
--

ALTER TABLE public.auth_user ALTER COLUMN id ADD GENERATED BY DEFAULT AS IDENTITY (
    SEQUENCE NAME public.auth_user_id_seq
    START WITH 1
    INCREMENT BY 1
    NO MINVALUE
    NO MAXVALUE
    CACHE 1
);


--
-- Name: auth_user_user_permissions; Type: TABLE; Schema: public; Owner: postgres
--

CREATE TABLE public.auth_user_user_permissions (
    id bigint NOT NULL,
    user_id integer NOT NULL,
    permission_id integer NOT NULL
);


ALTER TABLE public.auth_user_user_permissions OWNER TO postgres;

--
-- Name: auth_user_user_permissions_id_seq; Type: SEQUENCE; Schema: public; Owner: postgres
--

ALTER TABLE public.auth_user_user_permissions ALTER COLUMN id ADD GENERATED BY DEFAULT AS IDENTITY (
    SEQUENCE NAME public.auth_user_user_permissions_id_seq
    START WITH 1
    INCREMENT BY 1
    NO MINVALUE
    NO MAXVALUE
    CACHE 1
);


--
-- Name: authtoken_token; Type: TABLE; Schema: public; Owner: postgres
--

CREATE TABLE public.authtoken_token (
    key character varying(40) NOT NULL,
    created timestamp with time zone NOT NULL,
    user_id integer NOT NULL
);


ALTER TABLE public.authtoken_token OWNER TO postgres;

--
-- Name: background_task; Type: TABLE; Schema: public; Owner: postgres
--

CREATE TABLE public.background_task (
    id integer NOT NULL,
    task_name character varying(190) NOT NULL,
    task_params text NOT NULL,
    task_hash character varying(40) NOT NULL,
    verbose_name character varying(255),
    priority integer NOT NULL,
    run_at timestamp with time zone NOT NULL,
    repeat bigint NOT NULL,
    repeat_until timestamp with time zone,
    queue character varying(190),
    attempts integer NOT NULL,
    failed_at timestamp with time zone,
    last_error text NOT NULL,
    locked_by character varying(64),
    locked_at timestamp with time zone,
    creator_object_id integer,
    creator_content_type_id integer,
    CONSTRAINT background_task_creator_object_id_check CHECK ((creator_object_id >= 0))
);


ALTER TABLE public.background_task OWNER TO postgres;

--
-- Name: background_task_completedtask; Type: TABLE; Schema: public; Owner: postgres
--

CREATE TABLE public.background_task_completedtask (
    id integer NOT NULL,
    task_name character varying(190) NOT NULL,
    task_params text NOT NULL,
    task_hash character varying(40) NOT NULL,
    verbose_name character varying(255),
    priority integer NOT NULL,
    run_at timestamp with time zone NOT NULL,
    repeat bigint NOT NULL,
    repeat_until timestamp with time zone,
    queue character varying(190),
    attempts integer NOT NULL,
    failed_at timestamp with time zone,
    last_error text NOT NULL,
    locked_by character varying(64),
    locked_at timestamp with time zone,
    creator_object_id integer,
    creator_content_type_id integer,
    CONSTRAINT background_task_completedtask_creator_object_id_check CHECK ((creator_object_id >= 0))
);


ALTER TABLE public.background_task_completedtask OWNER TO postgres;

--
-- Name: background_task_completedtask_id_seq; Type: SEQUENCE; Schema: public; Owner: postgres
--

ALTER TABLE public.background_task_completedtask ALTER COLUMN id ADD GENERATED BY DEFAULT AS IDENTITY (
    SEQUENCE NAME public.background_task_completedtask_id_seq
    START WITH 1
    INCREMENT BY 1
    NO MINVALUE
    NO MAXVALUE
    CACHE 1
);


--
-- Name: background_task_id_seq; Type: SEQUENCE; Schema: public; Owner: postgres
--

ALTER TABLE public.background_task ALTER COLUMN id ADD GENERATED BY DEFAULT AS IDENTITY (
    SEQUENCE NAME public.background_task_id_seq
    START WITH 1
    INCREMENT BY 1
    NO MINVALUE
    NO MAXVALUE
    CACHE 1
);


--
-- Name: django_admin_log; Type: TABLE; Schema: public; Owner: postgres
--

CREATE TABLE public.django_admin_log (
    id integer NOT NULL,
    action_time timestamp with time zone NOT NULL,
    object_id text,
    object_repr character varying(200) NOT NULL,
    action_flag smallint NOT NULL,
    change_message text NOT NULL,
    content_type_id integer,
    user_id integer NOT NULL,
    CONSTRAINT django_admin_log_action_flag_check CHECK ((action_flag >= 0))
);


ALTER TABLE public.django_admin_log OWNER TO postgres;

--
-- Name: django_admin_log_id_seq; Type: SEQUENCE; Schema: public; Owner: postgres
--

ALTER TABLE public.django_admin_log ALTER COLUMN id ADD GENERATED BY DEFAULT AS IDENTITY (
    SEQUENCE NAME public.django_admin_log_id_seq
    START WITH 1
    INCREMENT BY 1
    NO MINVALUE
    NO MAXVALUE
    CACHE 1
);


--
-- Name: django_celery_beat_clockedschedule; Type: TABLE; Schema: public; Owner: postgres
--

CREATE TABLE public.django_celery_beat_clockedschedule (
    id integer NOT NULL,
    clocked_time timestamp with time zone NOT NULL
);


ALTER TABLE public.django_celery_beat_clockedschedule OWNER TO postgres;

--
-- Name: django_celery_beat_clockedschedule_id_seq; Type: SEQUENCE; Schema: public; Owner: postgres
--

ALTER TABLE public.django_celery_beat_clockedschedule ALTER COLUMN id ADD GENERATED BY DEFAULT AS IDENTITY (
    SEQUENCE NAME public.django_celery_beat_clockedschedule_id_seq
    START WITH 1
    INCREMENT BY 1
    NO MINVALUE
    NO MAXVALUE
    CACHE 1
);


--
-- Name: django_celery_beat_crontabschedule; Type: TABLE; Schema: public; Owner: postgres
--

CREATE TABLE public.django_celery_beat_crontabschedule (
    id integer NOT NULL,
    minute character varying(240) NOT NULL,
    hour character varying(96) NOT NULL,
    day_of_week character varying(64) NOT NULL,
    day_of_month character varying(124) NOT NULL,
    month_of_year character varying(64) NOT NULL,
    timezone character varying(63) NOT NULL
);


ALTER TABLE public.django_celery_beat_crontabschedule OWNER TO postgres;

--
-- Name: django_celery_beat_crontabschedule_id_seq; Type: SEQUENCE; Schema: public; Owner: postgres
--

ALTER TABLE public.django_celery_beat_crontabschedule ALTER COLUMN id ADD GENERATED BY DEFAULT AS IDENTITY (
    SEQUENCE NAME public.django_celery_beat_crontabschedule_id_seq
    START WITH 1
    INCREMENT BY 1
    NO MINVALUE
    NO MAXVALUE
    CACHE 1
);


--
-- Name: django_celery_beat_intervalschedule; Type: TABLE; Schema: public; Owner: postgres
--

CREATE TABLE public.django_celery_beat_intervalschedule (
    id integer NOT NULL,
    every integer NOT NULL,
    period character varying(24) NOT NULL
);


ALTER TABLE public.django_celery_beat_intervalschedule OWNER TO postgres;

--
-- Name: django_celery_beat_intervalschedule_id_seq; Type: SEQUENCE; Schema: public; Owner: postgres
--

ALTER TABLE public.django_celery_beat_intervalschedule ALTER COLUMN id ADD GENERATED BY DEFAULT AS IDENTITY (
    SEQUENCE NAME public.django_celery_beat_intervalschedule_id_seq
    START WITH 1
    INCREMENT BY 1
    NO MINVALUE
    NO MAXVALUE
    CACHE 1
);


--
-- Name: django_celery_beat_periodictask; Type: TABLE; Schema: public; Owner: postgres
--

CREATE TABLE public.django_celery_beat_periodictask (
    id integer NOT NULL,
    name character varying(200) NOT NULL,
    task character varying(200) NOT NULL,
    args text NOT NULL,
    kwargs text NOT NULL,
    queue character varying(200),
    exchange character varying(200),
    routing_key character varying(200),
    expires timestamp with time zone,
    enabled boolean NOT NULL,
    last_run_at timestamp with time zone,
    total_run_count integer NOT NULL,
    date_changed timestamp with time zone NOT NULL,
    description text NOT NULL,
    crontab_id integer,
    interval_id integer,
    solar_id integer,
    one_off boolean NOT NULL,
    start_time timestamp with time zone,
    priority integer,
    headers text NOT NULL,
    clocked_id integer,
    expire_seconds integer,
    CONSTRAINT django_celery_beat_periodictask_expire_seconds_check CHECK ((expire_seconds >= 0)),
    CONSTRAINT django_celery_beat_periodictask_priority_check CHECK ((priority >= 0)),
    CONSTRAINT django_celery_beat_periodictask_total_run_count_check CHECK ((total_run_count >= 0))
);


ALTER TABLE public.django_celery_beat_periodictask OWNER TO postgres;

--
-- Name: django_celery_beat_periodictask_id_seq; Type: SEQUENCE; Schema: public; Owner: postgres
--

ALTER TABLE public.django_celery_beat_periodictask ALTER COLUMN id ADD GENERATED BY DEFAULT AS IDENTITY (
    SEQUENCE NAME public.django_celery_beat_periodictask_id_seq
    START WITH 1
    INCREMENT BY 1
    NO MINVALUE
    NO MAXVALUE
    CACHE 1
);


--
-- Name: django_celery_beat_periodictasks; Type: TABLE; Schema: public; Owner: postgres
--

CREATE TABLE public.django_celery_beat_periodictasks (
    ident smallint NOT NULL,
    last_update timestamp with time zone NOT NULL
);


ALTER TABLE public.django_celery_beat_periodictasks OWNER TO postgres;

--
-- Name: django_celery_beat_solarschedule; Type: TABLE; Schema: public; Owner: postgres
--

CREATE TABLE public.django_celery_beat_solarschedule (
    id integer NOT NULL,
    event character varying(24) NOT NULL,
    latitude numeric(9,6) NOT NULL,
    longitude numeric(9,6) NOT NULL
);


ALTER TABLE public.django_celery_beat_solarschedule OWNER TO postgres;

--
-- Name: django_celery_beat_solarschedule_id_seq; Type: SEQUENCE; Schema: public; Owner: postgres
--

ALTER TABLE public.django_celery_beat_solarschedule ALTER COLUMN id ADD GENERATED BY DEFAULT AS IDENTITY (
    SEQUENCE NAME public.django_celery_beat_solarschedule_id_seq
    START WITH 1
    INCREMENT BY 1
    NO MINVALUE
    NO MAXVALUE
    CACHE 1
);


--
-- Name: django_content_type; Type: TABLE; Schema: public; Owner: postgres
--

CREATE TABLE public.django_content_type (
    id integer NOT NULL,
    app_label character varying(100) NOT NULL,
    model character varying(100) NOT NULL
);


ALTER TABLE public.django_content_type OWNER TO postgres;

--
-- Name: django_content_type_id_seq; Type: SEQUENCE; Schema: public; Owner: postgres
--

ALTER TABLE public.django_content_type ALTER COLUMN id ADD GENERATED BY DEFAULT AS IDENTITY (
    SEQUENCE NAME public.django_content_type_id_seq
    START WITH 1
    INCREMENT BY 1
    NO MINVALUE
    NO MAXVALUE
    CACHE 1
);


--
-- Name: django_migrations; Type: TABLE; Schema: public; Owner: postgres
--

CREATE TABLE public.django_migrations (
    id bigint NOT NULL,
    app character varying(255) NOT NULL,
    name character varying(255) NOT NULL,
    applied timestamp with time zone NOT NULL
);


ALTER TABLE public.django_migrations OWNER TO postgres;

--
-- Name: django_migrations_id_seq; Type: SEQUENCE; Schema: public; Owner: postgres
--

ALTER TABLE public.django_migrations ALTER COLUMN id ADD GENERATED BY DEFAULT AS IDENTITY (
    SEQUENCE NAME public.django_migrations_id_seq
    START WITH 1
    INCREMENT BY 1
    NO MINVALUE
    NO MAXVALUE
    CACHE 1
);


--
-- Name: django_session; Type: TABLE; Schema: public; Owner: postgres
--

CREATE TABLE public.django_session (
    session_key character varying(40) NOT NULL,
    session_data text NOT NULL,
    expire_date timestamp with time zone NOT NULL
);


ALTER TABLE public.django_session OWNER TO postgres;

--
-- Name: tasks_status; Type: TABLE; Schema: public; Owner: postgres
--

CREATE TABLE public.tasks_status (
    id bigint NOT NULL,
    name character varying(100) NOT NULL
);


ALTER TABLE public.tasks_status OWNER TO postgres;

--
-- Name: tasks_status_id_seq; Type: SEQUENCE; Schema: public; Owner: postgres
--

ALTER TABLE public.tasks_status ALTER COLUMN id ADD GENERATED BY DEFAULT AS IDENTITY (
    SEQUENCE NAME public.tasks_status_id_seq
    START WITH 1
    INCREMENT BY 1
    NO MINVALUE
    NO MAXVALUE
    CACHE 1
);


--
-- Name: tasks_task; Type: TABLE; Schema: public; Owner: postgres
--

CREATE TABLE public.tasks_task (
    id bigint NOT NULL,
    title character varying(255) NOT NULL,
    description text NOT NULL,
    status_id bigint NOT NULL,
    created_at timestamp with time zone NOT NULL,
    updated_at timestamp with time zone NOT NULL,
    user_id integer NOT NULL,
    due_date timestamp with time zone NOT NULL,
    estimated_time interval
);


ALTER TABLE public.tasks_task OWNER TO postgres;

--
-- Name: tasks_task_id_seq; Type: SEQUENCE; Schema: public; Owner: postgres
--

ALTER TABLE public.tasks_task ALTER COLUMN id ADD GENERATED BY DEFAULT AS IDENTITY (
    SEQUENCE NAME public.tasks_task_id_seq
    START WITH 1
    INCREMENT BY 1
    NO MINVALUE
    NO MAXVALUE
    CACHE 1
);


--
-- Data for Name: auth_group; Type: TABLE DATA; Schema: public; Owner: postgres
--

COPY public.auth_group (id, name) FROM stdin;
\.


--
-- Data for Name: auth_group_permissions; Type: TABLE DATA; Schema: public; Owner: postgres
--

COPY public.auth_group_permissions (id, group_id, permission_id) FROM stdin;
\.


--
-- Data for Name: auth_permission; Type: TABLE DATA; Schema: public; Owner: postgres
--

COPY public.auth_permission (id, name, content_type_id, codename) FROM stdin;
1	Can add log entry	1	add_logentry
2	Can change log entry	1	change_logentry
3	Can delete log entry	1	delete_logentry
4	Can view log entry	1	view_logentry
5	Can add permission	2	add_permission
6	Can change permission	2	change_permission
7	Can delete permission	2	delete_permission
8	Can view permission	2	view_permission
9	Can add group	3	add_group
10	Can change group	3	change_group
11	Can delete group	3	delete_group
12	Can view group	3	view_group
13	Can add user	4	add_user
14	Can change user	4	change_user
15	Can delete user	4	delete_user
16	Can view user	4	view_user
17	Can add content type	5	add_contenttype
18	Can change content type	5	change_contenttype
19	Can delete content type	5	delete_contenttype
20	Can view content type	5	view_contenttype
21	Can add session	6	add_session
22	Can change session	6	change_session
23	Can delete session	6	delete_session
24	Can view session	6	view_session
25	Can add Token	7	add_token
26	Can change Token	7	change_token
27	Can delete Token	7	delete_token
28	Can view Token	7	view_token
29	Can add Token	8	add_tokenproxy
30	Can change Token	8	change_tokenproxy
31	Can delete Token	8	delete_tokenproxy
32	Can view Token	8	view_tokenproxy
33	Can add task	9	add_task
34	Can change task	9	change_task
35	Can delete task	9	delete_task
36	Can view task	9	view_task
37	Can add status	10	add_status
38	Can change status	10	change_status
39	Can delete status	10	delete_status
40	Can view status	10	view_status
41	Can add completed task	11	add_completedtask
42	Can change completed task	11	change_completedtask
43	Can delete completed task	11	delete_completedtask
44	Can view completed task	11	view_completedtask
45	Can add task	12	add_task
46	Can change task	12	change_task
47	Can delete task	12	delete_task
48	Can view task	12	view_task
49	Can add crontab	13	add_crontabschedule
50	Can change crontab	13	change_crontabschedule
51	Can delete crontab	13	delete_crontabschedule
52	Can view crontab	13	view_crontabschedule
53	Can add interval	14	add_intervalschedule
54	Can change interval	14	change_intervalschedule
55	Can delete interval	14	delete_intervalschedule
56	Can view interval	14	view_intervalschedule
57	Can add periodic task	15	add_periodictask
58	Can change periodic task	15	change_periodictask
59	Can delete periodic task	15	delete_periodictask
60	Can view periodic task	15	view_periodictask
61	Can add periodic task track	16	add_periodictasks
62	Can change periodic task track	16	change_periodictasks
63	Can delete periodic task track	16	delete_periodictasks
64	Can view periodic task track	16	view_periodictasks
65	Can add solar event	17	add_solarschedule
66	Can change solar event	17	change_solarschedule
67	Can delete solar event	17	delete_solarschedule
68	Can view solar event	17	view_solarschedule
69	Can add clocked	18	add_clockedschedule
70	Can change clocked	18	change_clockedschedule
71	Can delete clocked	18	delete_clockedschedule
72	Can view clocked	18	view_clockedschedule
\.


--
-- Data for Name: auth_user; Type: TABLE DATA; Schema: public; Owner: postgres
--

COPY public.auth_user (id, password, last_login, is_superuser, username, first_name, last_name, email, is_staff, is_active, date_joined) FROM stdin;
40	pbkdf2_sha256$870000$uKka4mlzhGl0ildQNyFH9G$5cJ93OoPFJjrHo1PIOa7plPaId7wAtyxQv66/4CEsMU=	\N	f	Alain Nambii			alainnambi@gmail.com	f	t	2024-09-02 11:23:15.237632+03
\.


--
-- Data for Name: auth_user_groups; Type: TABLE DATA; Schema: public; Owner: postgres
--

COPY public.auth_user_groups (id, user_id, group_id) FROM stdin;
\.


--
-- Data for Name: auth_user_user_permissions; Type: TABLE DATA; Schema: public; Owner: postgres
--

COPY public.auth_user_user_permissions (id, user_id, permission_id) FROM stdin;
\.


--
-- Data for Name: authtoken_token; Type: TABLE DATA; Schema: public; Owner: postgres
--

COPY public.authtoken_token (key, created, user_id) FROM stdin;
72057fae5218091eff94b18b127158e92d81ea08	2024-09-02 11:23:15.91228+03	40
\.


--
-- Data for Name: background_task; Type: TABLE DATA; Schema: public; Owner: postgres
--

COPY public.background_task (id, task_name, task_params, task_hash, verbose_name, priority, run_at, repeat, repeat_until, queue, attempts, failed_at, last_error, locked_by, locked_at, creator_object_id, creator_content_type_id) FROM stdin;
\.


--
-- Data for Name: background_task_completedtask; Type: TABLE DATA; Schema: public; Owner: postgres
--

COPY public.background_task_completedtask (id, task_name, task_params, task_hash, verbose_name, priority, run_at, repeat, repeat_until, queue, attempts, failed_at, last_error, locked_by, locked_at, creator_object_id, creator_content_type_id) FROM stdin;
1	tasks.views.notify_user	[[], {}]	b073f559ed056213343c7f86902699d961036ca3	\N	0	2024-09-03 11:26:20.393924+03	0	\N	\N	1	\N		123174	2024-09-03 11:26:20.390607+03	\N	\N
2	tasks.views.notify_user	[[], {}]	b073f559ed056213343c7f86902699d961036ca3	\N	0	2024-09-03 11:26:20.452733+03	0	\N	\N	1	\N		123174	2024-09-03 11:26:20.449011+03	\N	\N
3	tasks.views.notify_user	[[], {}]	b073f559ed056213343c7f86902699d961036ca3	\N	0	2024-09-03 11:26:30.501758+03	0	\N	\N	1	\N		123174	2024-09-03 11:26:30.498503+03	\N	\N
4	tasks.views.notify_user	[[], {}]	b073f559ed056213343c7f86902699d961036ca3	\N	0	2024-09-03 11:27:33.860216+03	0	\N	\N	1	\N		124238	2024-09-03 11:27:33.854231+03	\N	\N
\.


--
-- Data for Name: django_admin_log; Type: TABLE DATA; Schema: public; Owner: postgres
--

COPY public.django_admin_log (id, action_time, object_id, object_repr, action_flag, change_message, content_type_id, user_id) FROM stdin;
\.


--
-- Data for Name: django_celery_beat_clockedschedule; Type: TABLE DATA; Schema: public; Owner: postgres
--

COPY public.django_celery_beat_clockedschedule (id, clocked_time) FROM stdin;
\.


--
-- Data for Name: django_celery_beat_crontabschedule; Type: TABLE DATA; Schema: public; Owner: postgres
--

COPY public.django_celery_beat_crontabschedule (id, minute, hour, day_of_week, day_of_month, month_of_year, timezone) FROM stdin;
\.


--
-- Data for Name: django_celery_beat_intervalschedule; Type: TABLE DATA; Schema: public; Owner: postgres
--

COPY public.django_celery_beat_intervalschedule (id, every, period) FROM stdin;
\.


--
-- Data for Name: django_celery_beat_periodictask; Type: TABLE DATA; Schema: public; Owner: postgres
--

COPY public.django_celery_beat_periodictask (id, name, task, args, kwargs, queue, exchange, routing_key, expires, enabled, last_run_at, total_run_count, date_changed, description, crontab_id, interval_id, solar_id, one_off, start_time, priority, headers, clocked_id, expire_seconds) FROM stdin;
\.


--
-- Data for Name: django_celery_beat_periodictasks; Type: TABLE DATA; Schema: public; Owner: postgres
--

COPY public.django_celery_beat_periodictasks (ident, last_update) FROM stdin;
\.


--
-- Data for Name: django_celery_beat_solarschedule; Type: TABLE DATA; Schema: public; Owner: postgres
--

COPY public.django_celery_beat_solarschedule (id, event, latitude, longitude) FROM stdin;
\.


--
-- Data for Name: django_content_type; Type: TABLE DATA; Schema: public; Owner: postgres
--

COPY public.django_content_type (id, app_label, model) FROM stdin;
1	admin	logentry
2	auth	permission
3	auth	group
4	auth	user
5	contenttypes	contenttype
6	sessions	session
7	authtoken	token
8	authtoken	tokenproxy
9	tasks	task
10	tasks	status
11	background_task	completedtask
12	background_task	task
13	django_celery_beat	crontabschedule
14	django_celery_beat	intervalschedule
15	django_celery_beat	periodictask
16	django_celery_beat	periodictasks
17	django_celery_beat	solarschedule
18	django_celery_beat	clockedschedule
\.


--
-- Data for Name: django_migrations; Type: TABLE DATA; Schema: public; Owner: postgres
--

COPY public.django_migrations (id, app, name, applied) FROM stdin;
1	contenttypes	0001_initial	2024-08-29 10:23:29.500342+03
2	auth	0001_initial	2024-08-29 10:23:29.562185+03
3	admin	0001_initial	2024-08-29 10:23:29.580234+03
4	admin	0002_logentry_remove_auto_add	2024-08-29 10:23:29.587569+03
5	admin	0003_logentry_add_action_flag_choices	2024-08-29 10:23:29.594227+03
6	contenttypes	0002_remove_content_type_name	2024-08-29 10:23:29.608893+03
7	auth	0002_alter_permission_name_max_length	2024-08-29 10:23:29.61543+03
8	auth	0003_alter_user_email_max_length	2024-08-29 10:23:29.623941+03
9	auth	0004_alter_user_username_opts	2024-08-29 10:23:29.629797+03
10	auth	0005_alter_user_last_login_null	2024-08-29 10:23:29.639242+03
11	auth	0006_require_contenttypes_0002	2024-08-29 10:23:29.64071+03
12	auth	0007_alter_validators_add_error_messages	2024-08-29 10:23:29.647106+03
13	auth	0008_alter_user_username_max_length	2024-08-29 10:23:29.656885+03
14	auth	0009_alter_user_last_name_max_length	2024-08-29 10:23:29.663236+03
15	auth	0010_alter_group_name_max_length	2024-08-29 10:23:29.671623+03
16	auth	0011_update_proxy_permissions	2024-08-29 10:23:29.678201+03
17	auth	0012_alter_user_first_name_max_length	2024-08-29 10:23:29.68547+03
18	sessions	0001_initial	2024-08-29 10:23:29.696413+03
19	authtoken	0001_initial	2024-08-29 15:34:36.649598+03
20	authtoken	0002_auto_20160226_1747	2024-08-29 15:34:36.675266+03
21	authtoken	0003_tokenproxy	2024-08-29 15:34:36.677387+03
22	authtoken	0004_alter_tokenproxy_options	2024-08-29 15:34:36.680912+03
23	tasks	0001_initial	2024-08-31 11:15:28.802012+03
24	tasks	0002_status_alter_task_status	2024-08-31 11:31:06.938808+03
25	tasks	0003_task_user_alter_task_status	2024-08-31 12:39:19.920366+03
26	tasks	0004_alter_task_status	2024-08-31 13:44:48.107851+03
27	tasks	0005_task_due_date_task_estimated_time	2024-09-01 07:02:25.301983+03
28	background_task	0001_initial	2024-09-03 11:02:40.282832+03
29	background_task	0002_auto_20170927_1109	2024-09-03 11:02:40.297633+03
30	django_celery_beat	0001_initial	2024-09-03 11:58:26.822789+03
31	django_celery_beat	0002_auto_20161118_0346	2024-09-03 11:58:26.83448+03
32	django_celery_beat	0003_auto_20161209_0049	2024-09-03 11:58:26.84097+03
33	django_celery_beat	0004_auto_20170221_0000	2024-09-03 11:58:26.844112+03
34	django_celery_beat	0005_add_solarschedule_events_choices	2024-09-03 11:58:26.849049+03
35	django_celery_beat	0006_auto_20180322_0932	2024-09-03 11:58:26.882676+03
36	django_celery_beat	0007_auto_20180521_0826	2024-09-03 11:58:26.897223+03
37	django_celery_beat	0008_auto_20180914_1922	2024-09-03 11:58:26.931076+03
38	django_celery_beat	0006_auto_20180210_1226	2024-09-03 11:58:26.949055+03
39	django_celery_beat	0006_periodictask_priority	2024-09-03 11:58:26.958743+03
40	django_celery_beat	0009_periodictask_headers	2024-09-03 11:58:26.969369+03
41	django_celery_beat	0010_auto_20190429_0326	2024-09-03 11:58:27.223869+03
42	django_celery_beat	0011_auto_20190508_0153	2024-09-03 11:58:27.244086+03
43	django_celery_beat	0012_periodictask_expire_seconds	2024-09-03 11:58:27.254635+03
44	django_celery_beat	0013_auto_20200609_0727	2024-09-03 11:58:27.262453+03
45	django_celery_beat	0014_remove_clockedschedule_enabled	2024-09-03 11:58:27.267653+03
46	django_celery_beat	0015_edit_solarschedule_events_choices	2024-09-03 11:58:27.272354+03
47	django_celery_beat	0016_alter_crontabschedule_timezone	2024-09-03 11:58:27.281153+03
48	django_celery_beat	0017_alter_crontabschedule_month_of_year	2024-09-03 11:58:27.291929+03
49	django_celery_beat	0018_improve_crontab_helptext	2024-09-03 11:58:27.30055+03
50	django_celery_beat	0019_alter_periodictasks_options	2024-09-03 11:58:27.303827+03
\.


--
-- Data for Name: django_session; Type: TABLE DATA; Schema: public; Owner: postgres
--

COPY public.django_session (session_key, session_data, expire_date) FROM stdin;
\.


--
-- Data for Name: tasks_status; Type: TABLE DATA; Schema: public; Owner: postgres
--

COPY public.tasks_status (id, name) FROM stdin;
1	ongoing
2	finished
3	blocked
\.


--
-- Data for Name: tasks_task; Type: TABLE DATA; Schema: public; Owner: postgres
--

COPY public.tasks_task (id, title, description, status_id, created_at, updated_at, user_id, due_date, estimated_time) FROM stdin;
158	Créer un modèle Tasks pour gérer les tâches	Champ : title, description, status (fk)	1	2024-08-01 11:23:39.903+03	2024-09-02 21:07:43.601127+03	40	2024-07-03 00:00:00+03	03:00:00
162	Ajouter la fonctionnalité de rechercher, filtre et tri	Recherche par nom ou par description	1	2024-09-03 08:40:31.938686+03	2024-09-03 08:40:55.547423+03	40	2024-09-04 08:40:55.547+03	03:00:00
159	Amélioration du design UI	Test Et\n	2	2024-09-02 11:24:06.177808+03	2024-09-02 20:53:27.459069+03	40	2024-09-04 08:40:55.547+03	02:00:00
160	Utilisation de Django CRON avec implémentation de certains fonctionnalités	test	3	2024-09-02 11:24:58.329269+03	2024-09-02 21:12:23.539213+03	40	2024-09-04 08:40:55.547+03	01:00:00
161	Utilisation du Modal pour la modification du tâche	test	3	2024-09-02 15:34:10.238641+03	2024-09-03 16:25:37.278955+03	40	2024-07-03 00:00:00+03	02:30:00
\.


--
-- Name: auth_group_id_seq; Type: SEQUENCE SET; Schema: public; Owner: postgres
--

SELECT pg_catalog.setval('public.auth_group_id_seq', 1, false);


--
-- Name: auth_group_permissions_id_seq; Type: SEQUENCE SET; Schema: public; Owner: postgres
--

SELECT pg_catalog.setval('public.auth_group_permissions_id_seq', 1, false);


--
-- Name: auth_permission_id_seq; Type: SEQUENCE SET; Schema: public; Owner: postgres
--

SELECT pg_catalog.setval('public.auth_permission_id_seq', 72, true);


--
-- Name: auth_user_groups_id_seq; Type: SEQUENCE SET; Schema: public; Owner: postgres
--

SELECT pg_catalog.setval('public.auth_user_groups_id_seq', 1, false);


--
-- Name: auth_user_id_seq; Type: SEQUENCE SET; Schema: public; Owner: postgres
--

SELECT pg_catalog.setval('public.auth_user_id_seq', 40, true);


--
-- Name: auth_user_user_permissions_id_seq; Type: SEQUENCE SET; Schema: public; Owner: postgres
--

SELECT pg_catalog.setval('public.auth_user_user_permissions_id_seq', 1, false);


--
-- Name: background_task_completedtask_id_seq; Type: SEQUENCE SET; Schema: public; Owner: postgres
--

SELECT pg_catalog.setval('public.background_task_completedtask_id_seq', 4, true);


--
-- Name: background_task_id_seq; Type: SEQUENCE SET; Schema: public; Owner: postgres
--

SELECT pg_catalog.setval('public.background_task_id_seq', 4, true);


--
-- Name: django_admin_log_id_seq; Type: SEQUENCE SET; Schema: public; Owner: postgres
--

SELECT pg_catalog.setval('public.django_admin_log_id_seq', 1, false);


--
-- Name: django_celery_beat_clockedschedule_id_seq; Type: SEQUENCE SET; Schema: public; Owner: postgres
--

SELECT pg_catalog.setval('public.django_celery_beat_clockedschedule_id_seq', 1, false);


--
-- Name: django_celery_beat_crontabschedule_id_seq; Type: SEQUENCE SET; Schema: public; Owner: postgres
--

SELECT pg_catalog.setval('public.django_celery_beat_crontabschedule_id_seq', 1, false);


--
-- Name: django_celery_beat_intervalschedule_id_seq; Type: SEQUENCE SET; Schema: public; Owner: postgres
--

SELECT pg_catalog.setval('public.django_celery_beat_intervalschedule_id_seq', 1, false);


--
-- Name: django_celery_beat_periodictask_id_seq; Type: SEQUENCE SET; Schema: public; Owner: postgres
--

SELECT pg_catalog.setval('public.django_celery_beat_periodictask_id_seq', 1, false);


--
-- Name: django_celery_beat_solarschedule_id_seq; Type: SEQUENCE SET; Schema: public; Owner: postgres
--

SELECT pg_catalog.setval('public.django_celery_beat_solarschedule_id_seq', 1, false);


--
-- Name: django_content_type_id_seq; Type: SEQUENCE SET; Schema: public; Owner: postgres
--

SELECT pg_catalog.setval('public.django_content_type_id_seq', 18, true);


--
-- Name: django_migrations_id_seq; Type: SEQUENCE SET; Schema: public; Owner: postgres
--

SELECT pg_catalog.setval('public.django_migrations_id_seq', 50, true);


--
-- Name: tasks_status_id_seq; Type: SEQUENCE SET; Schema: public; Owner: postgres
--

SELECT pg_catalog.setval('public.tasks_status_id_seq', 3, true);


--
-- Name: tasks_task_id_seq; Type: SEQUENCE SET; Schema: public; Owner: postgres
--

SELECT pg_catalog.setval('public.tasks_task_id_seq', 162, true);


--
-- Name: auth_group auth_group_name_key; Type: CONSTRAINT; Schema: public; Owner: postgres
--

ALTER TABLE ONLY public.auth_group
    ADD CONSTRAINT auth_group_name_key UNIQUE (name);


--
-- Name: auth_group_permissions auth_group_permissions_group_id_permission_id_0cd325b0_uniq; Type: CONSTRAINT; Schema: public; Owner: postgres
--

ALTER TABLE ONLY public.auth_group_permissions
    ADD CONSTRAINT auth_group_permissions_group_id_permission_id_0cd325b0_uniq UNIQUE (group_id, permission_id);


--
-- Name: auth_group_permissions auth_group_permissions_pkey; Type: CONSTRAINT; Schema: public; Owner: postgres
--

ALTER TABLE ONLY public.auth_group_permissions
    ADD CONSTRAINT auth_group_permissions_pkey PRIMARY KEY (id);


--
-- Name: auth_group auth_group_pkey; Type: CONSTRAINT; Schema: public; Owner: postgres
--

ALTER TABLE ONLY public.auth_group
    ADD CONSTRAINT auth_group_pkey PRIMARY KEY (id);


--
-- Name: auth_permission auth_permission_content_type_id_codename_01ab375a_uniq; Type: CONSTRAINT; Schema: public; Owner: postgres
--

ALTER TABLE ONLY public.auth_permission
    ADD CONSTRAINT auth_permission_content_type_id_codename_01ab375a_uniq UNIQUE (content_type_id, codename);


--
-- Name: auth_permission auth_permission_pkey; Type: CONSTRAINT; Schema: public; Owner: postgres
--

ALTER TABLE ONLY public.auth_permission
    ADD CONSTRAINT auth_permission_pkey PRIMARY KEY (id);


--
-- Name: auth_user_groups auth_user_groups_pkey; Type: CONSTRAINT; Schema: public; Owner: postgres
--

ALTER TABLE ONLY public.auth_user_groups
    ADD CONSTRAINT auth_user_groups_pkey PRIMARY KEY (id);


--
-- Name: auth_user_groups auth_user_groups_user_id_group_id_94350c0c_uniq; Type: CONSTRAINT; Schema: public; Owner: postgres
--

ALTER TABLE ONLY public.auth_user_groups
    ADD CONSTRAINT auth_user_groups_user_id_group_id_94350c0c_uniq UNIQUE (user_id, group_id);


--
-- Name: auth_user auth_user_pkey; Type: CONSTRAINT; Schema: public; Owner: postgres
--

ALTER TABLE ONLY public.auth_user
    ADD CONSTRAINT auth_user_pkey PRIMARY KEY (id);


--
-- Name: auth_user_user_permissions auth_user_user_permissions_pkey; Type: CONSTRAINT; Schema: public; Owner: postgres
--

ALTER TABLE ONLY public.auth_user_user_permissions
    ADD CONSTRAINT auth_user_user_permissions_pkey PRIMARY KEY (id);


--
-- Name: auth_user_user_permissions auth_user_user_permissions_user_id_permission_id_14a6b632_uniq; Type: CONSTRAINT; Schema: public; Owner: postgres
--

ALTER TABLE ONLY public.auth_user_user_permissions
    ADD CONSTRAINT auth_user_user_permissions_user_id_permission_id_14a6b632_uniq UNIQUE (user_id, permission_id);


--
-- Name: auth_user auth_user_username_key; Type: CONSTRAINT; Schema: public; Owner: postgres
--

ALTER TABLE ONLY public.auth_user
    ADD CONSTRAINT auth_user_username_key UNIQUE (username);


--
-- Name: authtoken_token authtoken_token_pkey; Type: CONSTRAINT; Schema: public; Owner: postgres
--

ALTER TABLE ONLY public.authtoken_token
    ADD CONSTRAINT authtoken_token_pkey PRIMARY KEY (key);


--
-- Name: authtoken_token authtoken_token_user_id_key; Type: CONSTRAINT; Schema: public; Owner: postgres
--

ALTER TABLE ONLY public.authtoken_token
    ADD CONSTRAINT authtoken_token_user_id_key UNIQUE (user_id);


--
-- Name: background_task_completedtask background_task_completedtask_pkey; Type: CONSTRAINT; Schema: public; Owner: postgres
--

ALTER TABLE ONLY public.background_task_completedtask
    ADD CONSTRAINT background_task_completedtask_pkey PRIMARY KEY (id);


--
-- Name: background_task background_task_pkey; Type: CONSTRAINT; Schema: public; Owner: postgres
--

ALTER TABLE ONLY public.background_task
    ADD CONSTRAINT background_task_pkey PRIMARY KEY (id);


--
-- Name: django_admin_log django_admin_log_pkey; Type: CONSTRAINT; Schema: public; Owner: postgres
--

ALTER TABLE ONLY public.django_admin_log
    ADD CONSTRAINT django_admin_log_pkey PRIMARY KEY (id);


--
-- Name: django_celery_beat_clockedschedule django_celery_beat_clockedschedule_pkey; Type: CONSTRAINT; Schema: public; Owner: postgres
--

ALTER TABLE ONLY public.django_celery_beat_clockedschedule
    ADD CONSTRAINT django_celery_beat_clockedschedule_pkey PRIMARY KEY (id);


--
-- Name: django_celery_beat_crontabschedule django_celery_beat_crontabschedule_pkey; Type: CONSTRAINT; Schema: public; Owner: postgres
--

ALTER TABLE ONLY public.django_celery_beat_crontabschedule
    ADD CONSTRAINT django_celery_beat_crontabschedule_pkey PRIMARY KEY (id);


--
-- Name: django_celery_beat_intervalschedule django_celery_beat_intervalschedule_pkey; Type: CONSTRAINT; Schema: public; Owner: postgres
--

ALTER TABLE ONLY public.django_celery_beat_intervalschedule
    ADD CONSTRAINT django_celery_beat_intervalschedule_pkey PRIMARY KEY (id);


--
-- Name: django_celery_beat_periodictask django_celery_beat_periodictask_name_key; Type: CONSTRAINT; Schema: public; Owner: postgres
--

ALTER TABLE ONLY public.django_celery_beat_periodictask
    ADD CONSTRAINT django_celery_beat_periodictask_name_key UNIQUE (name);


--
-- Name: django_celery_beat_periodictask django_celery_beat_periodictask_pkey; Type: CONSTRAINT; Schema: public; Owner: postgres
--

ALTER TABLE ONLY public.django_celery_beat_periodictask
    ADD CONSTRAINT django_celery_beat_periodictask_pkey PRIMARY KEY (id);


--
-- Name: django_celery_beat_periodictasks django_celery_beat_periodictasks_pkey; Type: CONSTRAINT; Schema: public; Owner: postgres
--

ALTER TABLE ONLY public.django_celery_beat_periodictasks
    ADD CONSTRAINT django_celery_beat_periodictasks_pkey PRIMARY KEY (ident);


--
-- Name: django_celery_beat_solarschedule django_celery_beat_solar_event_latitude_longitude_ba64999a_uniq; Type: CONSTRAINT; Schema: public; Owner: postgres
--

ALTER TABLE ONLY public.django_celery_beat_solarschedule
    ADD CONSTRAINT django_celery_beat_solar_event_latitude_longitude_ba64999a_uniq UNIQUE (event, latitude, longitude);


--
-- Name: django_celery_beat_solarschedule django_celery_beat_solarschedule_pkey; Type: CONSTRAINT; Schema: public; Owner: postgres
--

ALTER TABLE ONLY public.django_celery_beat_solarschedule
    ADD CONSTRAINT django_celery_beat_solarschedule_pkey PRIMARY KEY (id);


--
-- Name: django_content_type django_content_type_app_label_model_76bd3d3b_uniq; Type: CONSTRAINT; Schema: public; Owner: postgres
--

ALTER TABLE ONLY public.django_content_type
    ADD CONSTRAINT django_content_type_app_label_model_76bd3d3b_uniq UNIQUE (app_label, model);


--
-- Name: django_content_type django_content_type_pkey; Type: CONSTRAINT; Schema: public; Owner: postgres
--

ALTER TABLE ONLY public.django_content_type
    ADD CONSTRAINT django_content_type_pkey PRIMARY KEY (id);


--
-- Name: django_migrations django_migrations_pkey; Type: CONSTRAINT; Schema: public; Owner: postgres
--

ALTER TABLE ONLY public.django_migrations
    ADD CONSTRAINT django_migrations_pkey PRIMARY KEY (id);


--
-- Name: django_session django_session_pkey; Type: CONSTRAINT; Schema: public; Owner: postgres
--

ALTER TABLE ONLY public.django_session
    ADD CONSTRAINT django_session_pkey PRIMARY KEY (session_key);


--
-- Name: tasks_status tasks_status_name_key; Type: CONSTRAINT; Schema: public; Owner: postgres
--

ALTER TABLE ONLY public.tasks_status
    ADD CONSTRAINT tasks_status_name_key UNIQUE (name);


--
-- Name: tasks_status tasks_status_pkey; Type: CONSTRAINT; Schema: public; Owner: postgres
--

ALTER TABLE ONLY public.tasks_status
    ADD CONSTRAINT tasks_status_pkey PRIMARY KEY (id);


--
-- Name: tasks_task tasks_task_pkey; Type: CONSTRAINT; Schema: public; Owner: postgres
--

ALTER TABLE ONLY public.tasks_task
    ADD CONSTRAINT tasks_task_pkey PRIMARY KEY (id);


--
-- Name: auth_group_name_a6ea08ec_like; Type: INDEX; Schema: public; Owner: postgres
--

CREATE INDEX auth_group_name_a6ea08ec_like ON public.auth_group USING btree (name varchar_pattern_ops);


--
-- Name: auth_group_permissions_group_id_b120cbf9; Type: INDEX; Schema: public; Owner: postgres
--

CREATE INDEX auth_group_permissions_group_id_b120cbf9 ON public.auth_group_permissions USING btree (group_id);


--
-- Name: auth_group_permissions_permission_id_84c5c92e; Type: INDEX; Schema: public; Owner: postgres
--

CREATE INDEX auth_group_permissions_permission_id_84c5c92e ON public.auth_group_permissions USING btree (permission_id);


--
-- Name: auth_permission_content_type_id_2f476e4b; Type: INDEX; Schema: public; Owner: postgres
--

CREATE INDEX auth_permission_content_type_id_2f476e4b ON public.auth_permission USING btree (content_type_id);


--
-- Name: auth_user_groups_group_id_97559544; Type: INDEX; Schema: public; Owner: postgres
--

CREATE INDEX auth_user_groups_group_id_97559544 ON public.auth_user_groups USING btree (group_id);


--
-- Name: auth_user_groups_user_id_6a12ed8b; Type: INDEX; Schema: public; Owner: postgres
--

CREATE INDEX auth_user_groups_user_id_6a12ed8b ON public.auth_user_groups USING btree (user_id);


--
-- Name: auth_user_user_permissions_permission_id_1fbb5f2c; Type: INDEX; Schema: public; Owner: postgres
--

CREATE INDEX auth_user_user_permissions_permission_id_1fbb5f2c ON public.auth_user_user_permissions USING btree (permission_id);


--
-- Name: auth_user_user_permissions_user_id_a95ead1b; Type: INDEX; Schema: public; Owner: postgres
--

CREATE INDEX auth_user_user_permissions_user_id_a95ead1b ON public.auth_user_user_permissions USING btree (user_id);


--
-- Name: auth_user_username_6821ab7c_like; Type: INDEX; Schema: public; Owner: postgres
--

CREATE INDEX auth_user_username_6821ab7c_like ON public.auth_user USING btree (username varchar_pattern_ops);


--
-- Name: authtoken_token_key_10f0b77e_like; Type: INDEX; Schema: public; Owner: postgres
--

CREATE INDEX authtoken_token_key_10f0b77e_like ON public.authtoken_token USING btree (key varchar_pattern_ops);


--
-- Name: background_task_attempts_a9ade23d; Type: INDEX; Schema: public; Owner: postgres
--

CREATE INDEX background_task_attempts_a9ade23d ON public.background_task USING btree (attempts);


--
-- Name: background_task_completedtask_attempts_772a6783; Type: INDEX; Schema: public; Owner: postgres
--

CREATE INDEX background_task_completedtask_attempts_772a6783 ON public.background_task_completedtask USING btree (attempts);


--
-- Name: background_task_completedtask_creator_content_type_id_21d6a741; Type: INDEX; Schema: public; Owner: postgres
--

CREATE INDEX background_task_completedtask_creator_content_type_id_21d6a741 ON public.background_task_completedtask USING btree (creator_content_type_id);


--
-- Name: background_task_completedtask_failed_at_3de56618; Type: INDEX; Schema: public; Owner: postgres
--

CREATE INDEX background_task_completedtask_failed_at_3de56618 ON public.background_task_completedtask USING btree (failed_at);


--
-- Name: background_task_completedtask_locked_at_29c62708; Type: INDEX; Schema: public; Owner: postgres
--

CREATE INDEX background_task_completedtask_locked_at_29c62708 ON public.background_task_completedtask USING btree (locked_at);


--
-- Name: background_task_completedtask_locked_by_edc8a213; Type: INDEX; Schema: public; Owner: postgres
--

CREATE INDEX background_task_completedtask_locked_by_edc8a213 ON public.background_task_completedtask USING btree (locked_by);


--
-- Name: background_task_completedtask_locked_by_edc8a213_like; Type: INDEX; Schema: public; Owner: postgres
--

CREATE INDEX background_task_completedtask_locked_by_edc8a213_like ON public.background_task_completedtask USING btree (locked_by varchar_pattern_ops);


--
-- Name: background_task_completedtask_priority_9080692e; Type: INDEX; Schema: public; Owner: postgres
--

CREATE INDEX background_task_completedtask_priority_9080692e ON public.background_task_completedtask USING btree (priority);


--
-- Name: background_task_completedtask_queue_61fb0415; Type: INDEX; Schema: public; Owner: postgres
--

CREATE INDEX background_task_completedtask_queue_61fb0415 ON public.background_task_completedtask USING btree (queue);


--
-- Name: background_task_completedtask_queue_61fb0415_like; Type: INDEX; Schema: public; Owner: postgres
--

CREATE INDEX background_task_completedtask_queue_61fb0415_like ON public.background_task_completedtask USING btree (queue varchar_pattern_ops);


--
-- Name: background_task_completedtask_run_at_77c80f34; Type: INDEX; Schema: public; Owner: postgres
--

CREATE INDEX background_task_completedtask_run_at_77c80f34 ON public.background_task_completedtask USING btree (run_at);


--
-- Name: background_task_completedtask_task_hash_91187576; Type: INDEX; Schema: public; Owner: postgres
--

CREATE INDEX background_task_completedtask_task_hash_91187576 ON public.background_task_completedtask USING btree (task_hash);


--
-- Name: background_task_completedtask_task_hash_91187576_like; Type: INDEX; Schema: public; Owner: postgres
--

CREATE INDEX background_task_completedtask_task_hash_91187576_like ON public.background_task_completedtask USING btree (task_hash varchar_pattern_ops);


--
-- Name: background_task_completedtask_task_name_388dabc2; Type: INDEX; Schema: public; Owner: postgres
--

CREATE INDEX background_task_completedtask_task_name_388dabc2 ON public.background_task_completedtask USING btree (task_name);


--
-- Name: background_task_completedtask_task_name_388dabc2_like; Type: INDEX; Schema: public; Owner: postgres
--

CREATE INDEX background_task_completedtask_task_name_388dabc2_like ON public.background_task_completedtask USING btree (task_name varchar_pattern_ops);


--
-- Name: background_task_creator_content_type_id_61cc9af3; Type: INDEX; Schema: public; Owner: postgres
--

CREATE INDEX background_task_creator_content_type_id_61cc9af3 ON public.background_task USING btree (creator_content_type_id);


--
-- Name: background_task_failed_at_b81bba14; Type: INDEX; Schema: public; Owner: postgres
--

CREATE INDEX background_task_failed_at_b81bba14 ON public.background_task USING btree (failed_at);


--
-- Name: background_task_locked_at_0fb0f225; Type: INDEX; Schema: public; Owner: postgres
--

CREATE INDEX background_task_locked_at_0fb0f225 ON public.background_task USING btree (locked_at);


--
-- Name: background_task_locked_by_db7779e3; Type: INDEX; Schema: public; Owner: postgres
--

CREATE INDEX background_task_locked_by_db7779e3 ON public.background_task USING btree (locked_by);


--
-- Name: background_task_locked_by_db7779e3_like; Type: INDEX; Schema: public; Owner: postgres
--

CREATE INDEX background_task_locked_by_db7779e3_like ON public.background_task USING btree (locked_by varchar_pattern_ops);


--
-- Name: background_task_priority_88bdbce9; Type: INDEX; Schema: public; Owner: postgres
--

CREATE INDEX background_task_priority_88bdbce9 ON public.background_task USING btree (priority);


--
-- Name: background_task_queue_1d5f3a40; Type: INDEX; Schema: public; Owner: postgres
--

CREATE INDEX background_task_queue_1d5f3a40 ON public.background_task USING btree (queue);


--
-- Name: background_task_queue_1d5f3a40_like; Type: INDEX; Schema: public; Owner: postgres
--

CREATE INDEX background_task_queue_1d5f3a40_like ON public.background_task USING btree (queue varchar_pattern_ops);


--
-- Name: background_task_run_at_7baca3aa; Type: INDEX; Schema: public; Owner: postgres
--

CREATE INDEX background_task_run_at_7baca3aa ON public.background_task USING btree (run_at);


--
-- Name: background_task_task_hash_d8f233bd; Type: INDEX; Schema: public; Owner: postgres
--

CREATE INDEX background_task_task_hash_d8f233bd ON public.background_task USING btree (task_hash);


--
-- Name: background_task_task_hash_d8f233bd_like; Type: INDEX; Schema: public; Owner: postgres
--

CREATE INDEX background_task_task_hash_d8f233bd_like ON public.background_task USING btree (task_hash varchar_pattern_ops);


--
-- Name: background_task_task_name_4562d56a; Type: INDEX; Schema: public; Owner: postgres
--

CREATE INDEX background_task_task_name_4562d56a ON public.background_task USING btree (task_name);


--
-- Name: background_task_task_name_4562d56a_like; Type: INDEX; Schema: public; Owner: postgres
--

CREATE INDEX background_task_task_name_4562d56a_like ON public.background_task USING btree (task_name varchar_pattern_ops);


--
-- Name: django_admin_log_content_type_id_c4bce8eb; Type: INDEX; Schema: public; Owner: postgres
--

CREATE INDEX django_admin_log_content_type_id_c4bce8eb ON public.django_admin_log USING btree (content_type_id);


--
-- Name: django_admin_log_user_id_c564eba6; Type: INDEX; Schema: public; Owner: postgres
--

CREATE INDEX django_admin_log_user_id_c564eba6 ON public.django_admin_log USING btree (user_id);


--
-- Name: django_celery_beat_periodictask_clocked_id_47a69f82; Type: INDEX; Schema: public; Owner: postgres
--

CREATE INDEX django_celery_beat_periodictask_clocked_id_47a69f82 ON public.django_celery_beat_periodictask USING btree (clocked_id);


--
-- Name: django_celery_beat_periodictask_crontab_id_d3cba168; Type: INDEX; Schema: public; Owner: postgres
--

CREATE INDEX django_celery_beat_periodictask_crontab_id_d3cba168 ON public.django_celery_beat_periodictask USING btree (crontab_id);


--
-- Name: django_celery_beat_periodictask_interval_id_a8ca27da; Type: INDEX; Schema: public; Owner: postgres
--

CREATE INDEX django_celery_beat_periodictask_interval_id_a8ca27da ON public.django_celery_beat_periodictask USING btree (interval_id);


--
-- Name: django_celery_beat_periodictask_name_265a36b7_like; Type: INDEX; Schema: public; Owner: postgres
--

CREATE INDEX django_celery_beat_periodictask_name_265a36b7_like ON public.django_celery_beat_periodictask USING btree (name varchar_pattern_ops);


--
-- Name: django_celery_beat_periodictask_solar_id_a87ce72c; Type: INDEX; Schema: public; Owner: postgres
--

CREATE INDEX django_celery_beat_periodictask_solar_id_a87ce72c ON public.django_celery_beat_periodictask USING btree (solar_id);


--
-- Name: django_session_expire_date_a5c62663; Type: INDEX; Schema: public; Owner: postgres
--

CREATE INDEX django_session_expire_date_a5c62663 ON public.django_session USING btree (expire_date);


--
-- Name: django_session_session_key_c0390e0f_like; Type: INDEX; Schema: public; Owner: postgres
--

CREATE INDEX django_session_session_key_c0390e0f_like ON public.django_session USING btree (session_key varchar_pattern_ops);


--
-- Name: tasks_status_name_dfeef1d9_like; Type: INDEX; Schema: public; Owner: postgres
--

CREATE INDEX tasks_status_name_dfeef1d9_like ON public.tasks_status USING btree (name varchar_pattern_ops);


--
-- Name: tasks_task_status_id_899d2b90; Type: INDEX; Schema: public; Owner: postgres
--

CREATE INDEX tasks_task_status_id_899d2b90 ON public.tasks_task USING btree (status_id);


--
-- Name: tasks_task_user_id_f0e531b0; Type: INDEX; Schema: public; Owner: postgres
--

CREATE INDEX tasks_task_user_id_f0e531b0 ON public.tasks_task USING btree (user_id);


--
-- Name: auth_group_permissions auth_group_permissio_permission_id_84c5c92e_fk_auth_perm; Type: FK CONSTRAINT; Schema: public; Owner: postgres
--

ALTER TABLE ONLY public.auth_group_permissions
    ADD CONSTRAINT auth_group_permissio_permission_id_84c5c92e_fk_auth_perm FOREIGN KEY (permission_id) REFERENCES public.auth_permission(id) DEFERRABLE INITIALLY DEFERRED;


--
-- Name: auth_group_permissions auth_group_permissions_group_id_b120cbf9_fk_auth_group_id; Type: FK CONSTRAINT; Schema: public; Owner: postgres
--

ALTER TABLE ONLY public.auth_group_permissions
    ADD CONSTRAINT auth_group_permissions_group_id_b120cbf9_fk_auth_group_id FOREIGN KEY (group_id) REFERENCES public.auth_group(id) DEFERRABLE INITIALLY DEFERRED;


--
-- Name: auth_permission auth_permission_content_type_id_2f476e4b_fk_django_co; Type: FK CONSTRAINT; Schema: public; Owner: postgres
--

ALTER TABLE ONLY public.auth_permission
    ADD CONSTRAINT auth_permission_content_type_id_2f476e4b_fk_django_co FOREIGN KEY (content_type_id) REFERENCES public.django_content_type(id) DEFERRABLE INITIALLY DEFERRED;


--
-- Name: auth_user_groups auth_user_groups_group_id_97559544_fk_auth_group_id; Type: FK CONSTRAINT; Schema: public; Owner: postgres
--

ALTER TABLE ONLY public.auth_user_groups
    ADD CONSTRAINT auth_user_groups_group_id_97559544_fk_auth_group_id FOREIGN KEY (group_id) REFERENCES public.auth_group(id) DEFERRABLE INITIALLY DEFERRED;


--
-- Name: auth_user_groups auth_user_groups_user_id_6a12ed8b_fk_auth_user_id; Type: FK CONSTRAINT; Schema: public; Owner: postgres
--

ALTER TABLE ONLY public.auth_user_groups
    ADD CONSTRAINT auth_user_groups_user_id_6a12ed8b_fk_auth_user_id FOREIGN KEY (user_id) REFERENCES public.auth_user(id) DEFERRABLE INITIALLY DEFERRED;


--
-- Name: auth_user_user_permissions auth_user_user_permi_permission_id_1fbb5f2c_fk_auth_perm; Type: FK CONSTRAINT; Schema: public; Owner: postgres
--

ALTER TABLE ONLY public.auth_user_user_permissions
    ADD CONSTRAINT auth_user_user_permi_permission_id_1fbb5f2c_fk_auth_perm FOREIGN KEY (permission_id) REFERENCES public.auth_permission(id) DEFERRABLE INITIALLY DEFERRED;


--
-- Name: auth_user_user_permissions auth_user_user_permissions_user_id_a95ead1b_fk_auth_user_id; Type: FK CONSTRAINT; Schema: public; Owner: postgres
--

ALTER TABLE ONLY public.auth_user_user_permissions
    ADD CONSTRAINT auth_user_user_permissions_user_id_a95ead1b_fk_auth_user_id FOREIGN KEY (user_id) REFERENCES public.auth_user(id) DEFERRABLE INITIALLY DEFERRED;


--
-- Name: authtoken_token authtoken_token_user_id_35299eff_fk_auth_user_id; Type: FK CONSTRAINT; Schema: public; Owner: postgres
--

ALTER TABLE ONLY public.authtoken_token
    ADD CONSTRAINT authtoken_token_user_id_35299eff_fk_auth_user_id FOREIGN KEY (user_id) REFERENCES public.auth_user(id) DEFERRABLE INITIALLY DEFERRED;


--
-- Name: background_task_completedtask background_task_comp_creator_content_type_21d6a741_fk_django_co; Type: FK CONSTRAINT; Schema: public; Owner: postgres
--

ALTER TABLE ONLY public.background_task_completedtask
    ADD CONSTRAINT background_task_comp_creator_content_type_21d6a741_fk_django_co FOREIGN KEY (creator_content_type_id) REFERENCES public.django_content_type(id) DEFERRABLE INITIALLY DEFERRED;


--
-- Name: background_task background_task_creator_content_type_61cc9af3_fk_django_co; Type: FK CONSTRAINT; Schema: public; Owner: postgres
--

ALTER TABLE ONLY public.background_task
    ADD CONSTRAINT background_task_creator_content_type_61cc9af3_fk_django_co FOREIGN KEY (creator_content_type_id) REFERENCES public.django_content_type(id) DEFERRABLE INITIALLY DEFERRED;


--
-- Name: django_admin_log django_admin_log_content_type_id_c4bce8eb_fk_django_co; Type: FK CONSTRAINT; Schema: public; Owner: postgres
--

ALTER TABLE ONLY public.django_admin_log
    ADD CONSTRAINT django_admin_log_content_type_id_c4bce8eb_fk_django_co FOREIGN KEY (content_type_id) REFERENCES public.django_content_type(id) DEFERRABLE INITIALLY DEFERRED;


--
-- Name: django_admin_log django_admin_log_user_id_c564eba6_fk_auth_user_id; Type: FK CONSTRAINT; Schema: public; Owner: postgres
--

ALTER TABLE ONLY public.django_admin_log
    ADD CONSTRAINT django_admin_log_user_id_c564eba6_fk_auth_user_id FOREIGN KEY (user_id) REFERENCES public.auth_user(id) DEFERRABLE INITIALLY DEFERRED;


--
-- Name: django_celery_beat_periodictask django_celery_beat_p_clocked_id_47a69f82_fk_django_ce; Type: FK CONSTRAINT; Schema: public; Owner: postgres
--

ALTER TABLE ONLY public.django_celery_beat_periodictask
    ADD CONSTRAINT django_celery_beat_p_clocked_id_47a69f82_fk_django_ce FOREIGN KEY (clocked_id) REFERENCES public.django_celery_beat_clockedschedule(id) DEFERRABLE INITIALLY DEFERRED;


--
-- Name: django_celery_beat_periodictask django_celery_beat_p_crontab_id_d3cba168_fk_django_ce; Type: FK CONSTRAINT; Schema: public; Owner: postgres
--

ALTER TABLE ONLY public.django_celery_beat_periodictask
    ADD CONSTRAINT django_celery_beat_p_crontab_id_d3cba168_fk_django_ce FOREIGN KEY (crontab_id) REFERENCES public.django_celery_beat_crontabschedule(id) DEFERRABLE INITIALLY DEFERRED;


--
-- Name: django_celery_beat_periodictask django_celery_beat_p_interval_id_a8ca27da_fk_django_ce; Type: FK CONSTRAINT; Schema: public; Owner: postgres
--

ALTER TABLE ONLY public.django_celery_beat_periodictask
    ADD CONSTRAINT django_celery_beat_p_interval_id_a8ca27da_fk_django_ce FOREIGN KEY (interval_id) REFERENCES public.django_celery_beat_intervalschedule(id) DEFERRABLE INITIALLY DEFERRED;


--
-- Name: django_celery_beat_periodictask django_celery_beat_p_solar_id_a87ce72c_fk_django_ce; Type: FK CONSTRAINT; Schema: public; Owner: postgres
--

ALTER TABLE ONLY public.django_celery_beat_periodictask
    ADD CONSTRAINT django_celery_beat_p_solar_id_a87ce72c_fk_django_ce FOREIGN KEY (solar_id) REFERENCES public.django_celery_beat_solarschedule(id) DEFERRABLE INITIALLY DEFERRED;


--
-- Name: tasks_task tasks_task_status_id_899d2b90_fk_tasks_status_id; Type: FK CONSTRAINT; Schema: public; Owner: postgres
--

ALTER TABLE ONLY public.tasks_task
    ADD CONSTRAINT tasks_task_status_id_899d2b90_fk_tasks_status_id FOREIGN KEY (status_id) REFERENCES public.tasks_status(id) DEFERRABLE INITIALLY DEFERRED;


--
-- Name: tasks_task tasks_task_user_id_f0e531b0_fk_auth_user_id; Type: FK CONSTRAINT; Schema: public; Owner: postgres
--

ALTER TABLE ONLY public.tasks_task
    ADD CONSTRAINT tasks_task_user_id_f0e531b0_fk_auth_user_id FOREIGN KEY (user_id) REFERENCES public.auth_user(id) DEFERRABLE INITIALLY DEFERRED;


--
-- PostgreSQL database dump complete
--

